"date","mean","std","mis"
"1997-08-29",NA,NA,1
"1997-09-06",NA,NA,1
"1997-09-14",-1.67625984857934,0.43757131354178,0.61664681752018
"1997-09-22",-1.83856643207785,0.429365837694689,0.253010453883816
"1997-09-30",-1.78915710284522,0.486143060797415,0.216355696705042
"1997-10-08",-1.72954083907331,0.513902051918326,0.195447929072383
"1997-10-16",-1.90456771630456,0.543099677061039,0.733756781791716
"1997-10-24",-1.58026593916852,0.709683735365096,0.11578668783909
"1997-11-01",-1.49238149552756,0.63720552273272,0.301045388381633
"1997-11-09",-1.49210410853192,0.545117231206489,0.164086277623396
"1997-11-17",-1.32877188032133,0.591980622052595,0.113934100833664
"1997-11-25",-1.35517802996802,0.522660332236577,0.244144501786423
"1997-12-03",-1.14860746337075,0.466707637665346,0.321423845441313
"1997-12-11",-1.09342761338966,0.397128630404061,0.505756252481143
"1997-12-19",-1.22486371762757,0.446936564549984,0.235146222045785
"1997-12-27",-0.819219625624078,0.461995912579184,0.860394336376869
"1998-01-01",-1.22705424297877,0.4041581407788,0.607251554849808
"1998-01-09",-1.26372344679523,0.44646429987519,0.453222178113008
"1998-01-17",-1.39018630089207,0.385823750589956,0.520709276167792
"1998-01-25",-1.23467887300578,0.410925689463496,0.229191478099775
"1998-02-02",-1.29578974318124,0.477790361886807,0.172158263861321
"1998-02-10",-1.14774908212952,0.46986250520871,0.129548762736536
"1998-02-18",-1.2280266502969,0.35368899809659,0.223236734153765
"1998-02-26",-1.27932588561364,0.380274088916295,0.139076353050152
"1998-03-06",-1.24285293896119,0.419395252012026,0.0816461558819637
"1998-03-14",-1.29523069566115,0.348724845761469,0.129151779806802
"1998-03-22",-1.33901508189711,0.316003898413221,0.269419081646156
"1998-03-30",-1.4711984207047,0.330972410046638,0.0576948524546778
"1998-04-07",-1.57936841881975,0.363436551386409,0.0594151118168585
"1998-04-15",-1.60074055841172,0.389824755342567,0.0846896916765912
"1998-04-23",-1.59402110871366,0.51766953051983,0.564906709011513
"1998-05-01",-1.81262951019974,0.465003585859281,0.122138414714834
"1998-05-09",-1.33696499906504,0.667146782696476,0.804287415641127
"1998-05-17",-1.7349301864946,0.641282272611473,0.0735741696440386
"1998-05-25",-1.88479713407624,0.427548327865894,0.721450310969962
"1998-06-02",-1.94653530911014,0.594119632082658,0.834061135371179
"1998-06-10",-1.48144722728551,0.701194560919778,0.768029641392087
"1998-06-18",-1.80343554618106,0.499014502938235,0.809051210797936
"1998-06-26",-1.3609993196921,0.693924562310136,0.441709673150721
"1998-07-04",-1.8452615142004,0.481339824350007,0.996427153632394
"1998-07-12",-0.755681286603684,1.65168728161917,0.82982665078735
"1998-07-20",-1.29153718279635,1.00857359265307,0.720127034537515
"1998-07-28",-0.72463348564614,1.31490550045532,0.940452560539897
"1998-08-05",0.261491652993855,1.34619252885652,0.94706894270213
"1998-08-13",-0.538420628556872,0.689614271927409,0.967844382691544
"1998-08-21",-1.21292156416503,0.566073267844109,0.581183009130607
"1998-08-29",-1.13735487115026,0.457431613075791,0.820166732830488
"1998-09-06",-1.32641020774421,0.625307425536048,0.313881169776366
"1998-09-14",-1.36122912158022,0.624320286850633,0.475056239248379
"1998-09-22",-1.43759670290746,0.387452775757943,0.458515283842795
"1998-09-30",-1.613098836139,0.361591575639499,0.151382823871907
"1998-10-08",-1.71762251906794,0.390373884887652,0.139076353050152
"1998-10-16",-1.76171052511037,0.417594003376353,0.146883684001588
"1998-10-24",-1.7755319963198,0.464913150246378,0.0944819372766971
"1998-11-01",-1.71529481179206,0.522530692480427,0.0584888183141458
"1998-11-09",-1.58300845711232,0.56463829623102,0.092100039698293
"1998-11-17",-1.46139296831247,0.577512543494254,0.520973931454281
"1998-11-25",-1.29654329769135,0.67567761697631,0.14013497419611
"1998-12-03",-1.18368844348993,0.664923125095234,0.106126769882228
"1998-12-11",-0.962241685682736,0.549432857409338,0.0909090909090909
"1998-12-19",-0.977383445956825,0.515622580306802,0.240968638348551
"1998-12-27",-0.908064442504619,0.428471266613995,0.507873494773058
"1999-01-01",-0.722376459261399,0.468864508137764,0.288077279343655
"1999-01-09",-1.03649990871543,0.39427478627545,0.416302765647744
"1999-01-17",-0.976280067053515,0.474440022745077,0.0562392483789864
"1999-01-25",-1.14877069870215,0.372835921290799,0.256186317321689
"1999-02-02",-0.984368491521515,0.456581996705882,0.133650919677121
"1999-02-10",-1.17982699292998,0.37565151597241,0.237792774910679
"1999-02-18",-1.11278903947818,0.352430169222706,0.111419875612015
"1999-02-26",-1.21826602528943,0.348003356287124,0.124520312293238
"1999-03-06",-1.24691942948924,0.35407879653213,0.0684133915574964
"1999-03-14",-1.26062180063097,0.468897759382253,0.0587534736006352
"1999-03-22",-1.3836078038575,0.389496954712765,0.118300913060738
"1999-03-30",-1.51499128510637,0.383878334127623,0.0771470160116448
"1999-04-07",-1.47299506753454,0.355600279598242,0.0543866613735609
"1999-04-15",-1.58962062260663,0.43297253297355,0.118697895990472
"1999-04-23",-1.56909665367528,0.505727852869669,0.394865687442107
"1999-05-01",-1.6295988369717,0.4502191438692,0.579065766838693
"1999-05-09",-1.61063891104404,0.625823300781443,0.680031758634379
"1999-05-17",-1.78177485497362,0.41829217551943,0.393674738652905
"1999-05-25",NA,NA,1
"1999-06-02",-1.95033728634206,0.338098932283689,0.961624983459045
"1999-06-10",-1.68109794970761,0.56389255126325,0.753208945348683
"1999-06-18",-1.81694603511914,0.485431044869809,0.98385602752415
"1999-06-26",NA,NA,1
"1999-07-04",-1.45682884368464,0.468067202408166,0.657006748709805
"1999-07-12",-1.61252141930904,0.363228784464146,0.936482731242557
"1999-07-20",-2.09860580430422,0.329223310902905,0.845308985046976
"1999-07-28",-1.75957884440575,0.598614980770708,0.600899827974064
"1999-08-05",-1.67923051463436,0.635700609697687,0.500463146751356
"1999-08-13",-2.24346434337093,0.392601457538952,0.892814608971814
"1999-08-21",-1.83446867414201,0.550214327312258,0.979753870583565
"1999-08-29",-1.5141057706356,0.48620190109885,0.642847690882625
"1999-09-06",-1.79294052140277,0.288545163078285,0.936085748312823
"1999-09-14",-1.81837714746502,0.367039865702121,0.583697234352256
"1999-09-22",-1.81530195424412,0.552475792749289,0.477702792113272
"1999-09-30",-1.87152920179445,0.442424144293321,0.093290988487495
"1999-10-08",-1.78751809653524,0.540506655290775,0.238322085483658
"1999-10-16",-1.82612930511122,0.572910770954391,0.102156940584888
"1999-10-24",-1.63917780897252,0.590102684207437,0.144369458779939
"1999-11-01",-1.55165082737748,0.627441745531676,0.0890565039036655
"1999-11-09",-1.50881054743252,0.692937822424852,0.214503109699616
"1999-11-17",-1.31818574151567,0.687068739433553,0.257377266110891
"1999-11-25",-1.30166707817457,0.554315646844267,0.263332010056901
"1999-12-03",-1.21495074361161,0.525640286393711,0.294429006219399
"1999-12-11",-1.1059177658178,0.427965237103107,0.331613073971153
"1999-12-19",-1.12737375384283,0.544003165283733,0.224163027656477
"1999-12-27",-0.780932474613836,0.623972608658821,0.444885536588593
"2000-01-01",-0.948371099928361,0.541670045093179,0.417493714436946
"2000-01-09",-0.961410145741145,0.440977663453917,0.276697102024613
"2000-01-17",-1.00632809934561,0.346607926438966,0.183406113537118
"2000-01-25",-0.857049272457522,0.407063369346947,0.409818711128755
"2000-02-02",-0.929210776549989,0.38544847567024,0.381632923117639
"2000-02-10",-0.754447240724521,0.404267261783987,0.672621410612677
"2000-02-18",-1.12090814844263,0.33598421237997,0.0666931321953156
"2000-02-26",-1.03169652145932,0.314925541149611,0.520444620881302
"2000-03-05",-1.22786562546505,0.235204786772795,0.476908826253804
"2000-03-13",-1.39181506272531,0.355782692179497,0.0848220193198359
"2000-03-21",-1.42132976119295,0.347889777065224,0.136959110758237
"2000-03-29",-1.35413877555422,0.358360259638362,0.236337170834987
"2000-04-06",-1.51062700172563,0.325815531662462,0.71205504829959
"2000-04-14",-1.44865087462693,0.376231217904195,0.245732433505359
"2000-04-22",-1.4906991295012,0.302142714011806,0.352917824533545
"2000-04-30",-1.60069599950882,0.442672021485589,0.220987164218605
"2000-05-08",NA,NA,1
"2000-05-16",-1.69226052975399,0.305827882674494,0.502183406113537
"2000-05-24",-1.93813419790282,0.322749760456416,0.567685589519651
"2000-06-01",-2.2441921018589,0.267584576020949,0.900357284636761
"2000-06-09",-1.69033236907941,0.579579636788564,0.222707423580786
"2000-06-17",-1.01885187792598,0.440791462162797,0.996691808918883
"2000-06-25",-2.02695476914324,0.404445901963518,0.912663755458515
"2000-07-03",NA,NA,1
"2000-07-11",-1.95787701656703,0.252511304920773,0.92272065634511
"2000-07-19",NA,NA,1
"2000-07-27",NA,NA,1
"2000-08-04",NA,NA,1
"2000-08-12",NA,NA,1
"2000-08-20",-1.72323075671596,0.40428676496136,0.693396850602091
"2000-08-28",-2.30180927526761,0.313508845319664,0.735212385867408
"2000-09-05",-1.82406417650763,0.573299439233978,0.543072647876141
"2000-09-13",-1.99636181531173,0.220113202675439,0.82559216620352
"2000-09-21",-1.59890372923939,0.576224147305516,0.7180097922456
"2000-09-29",-1.93342526306502,0.49930938163003,0.257774249040625
"2000-10-07",-1.84982651644421,0.588320887210213,0.207489744607649
"2000-10-15",-1.67360523401873,0.632743511890173,0.0689427021304751
"2000-10-23",-1.70528736152748,0.557103457836951,0.199814741299457
"2000-10-31",-1.624485368809,0.586587877056782,0.156146619028715
"2000-11-08",-1.54005352311576,0.577074905245479,0.246923382294561
"2000-11-16",-1.4677766445431,0.56494059753133,0.232764324467381
"2000-11-24",-1.380331145341,0.52206169472907,0.357549292047109
"2000-12-02",-1.26692594701956,0.482500301747281,0.462749768426624
"2000-12-10",-1.13636983879512,0.437803345797186,0.250893211591902
"2000-12-18",-0.997373821886601,0.499574099535096,0.546777821886992
"2000-12-26",-0.96322325710104,0.471982643802626,0.208680693396851
"2001-01-01",-0.961508967142385,0.483143701733937,0.446870451237263
"2001-01-09",-1.03333521264514,0.331667445065521,0.115125049622866
"2001-01-17",-1.02255964957131,0.40921064085546,0.331480746327908
"2001-01-25",-1.14960565234185,0.363698941992366,0.145428079925897
"2001-02-02",-1.11326551652144,0.422356841175675,0.333201005690089
"2001-02-10",-1.48258261090738,0.320569384077222,0.664020113801773
"2001-02-18",-1.26047969895562,0.31257078568096,0.575095937541352
"2001-02-26",-1.12075071269722,0.460227422510406,0.182082837104671
"2001-03-06",-1.42347648369044,0.372361241446357,0.23924837898637
"2001-03-14",-1.34324342398319,0.327165659531985,0.254995368532486
"2001-03-22",-1.45131414312454,0.355342511676141,0.114728066693132
"2001-03-30",-1.43223316058359,0.379347601457072,0.0545189890168056
"2001-04-07",-1.47099257404961,0.41894226237494,0.0680164086277623
"2001-04-15",-1.55525729657314,0.40987981186865,0.115654360195845
"2001-04-23",-1.65030865849357,0.435817105379209,0.091703056768559
"2001-05-01",-1.75766806637847,0.45649826206755,0.495831679237793
"2001-05-09",-1.64682448041724,0.454246851455965,0.487892020643112
"2001-05-17",NA,NA,1
"2001-05-25",-1.78475785907848,0.40258109894716,0.648140796612412
"2001-06-02",-1.70363151116864,0.299567396837002,0.937938335318248
"2001-06-10",-1.42562397393337,0.771215038605584,0.236601826121477
"2001-06-18",-1.67723866069722,0.608069310056961,0.658991663358476
"2001-06-26",-1.89637195745022,0.377946636854201,0.672489082969432
"2001-07-04",-1.59957329181558,0.536884270326489,0.183670768823607
"2001-07-12",-1.80763833703952,0.434964060371677,0.795156808257245
"2001-07-20",-1.7024984429679,0.457782975697266,0.88249305279873
"2001-07-28",-1.6812100330656,0.333500495992653,0.968241365621278
"2001-08-05",NA,NA,1
"2001-08-13",NA,NA,1
"2001-08-21",-1.80613476791081,0.237605883050739,0.697366679899431
"2001-08-29",-1.81191490724867,0.323448728726314,0.641921397379913
"2001-09-06",-1.92125424397362,0.456863186906339,0.803493449781659
"2001-09-14",-1.71352043702424,0.648699640964778,0.91478099775043
"2001-09-22",-1.87283355014607,0.473195330672184,0.0745004631467514
"2001-09-30",-1.87089180498828,0.486762881318999,0.427418287680296
"2001-10-08",-1.79498955351711,0.48626366464916,0.107979356887654
"2001-10-16",-1.67758765211579,0.471022112205352,0.153897049093556
"2001-10-24",-1.73680007110847,0.505636126051844,0.12571126108244
"2001-11-01",-1.54601644264896,0.557869153993334,0.0899827974063782
"2001-11-09",-1.47154203480338,0.580809202314288,0.167923779277491
"2001-11-17",-1.40840239609926,0.530791021101813,0.347227735874024
"2001-11-25",-0.938443529779137,0.584446137195947,0.51501918750827
"2001-12-03",-1.03518428716125,0.498048538089581,0.514489876935292
"2001-12-11",-1.15140811740748,0.44066140216824,0.447796744739976
"2001-12-19",-1.02271712678519,0.43150007179756,0.400952759031362
"2001-12-27",-0.479559876081676,0.889392386775373,0.797935688765383
"2002-01-01",-1.16902131864097,0.422883190857472,0.433373031626307
"2002-01-09",-1.08112944632448,0.440868966680801,0.417626042080191
"2002-01-17",-1.13682886824096,0.371881869178878,0.218605266640201
"2002-01-25",-0.79164988529894,0.383939734368941,0.576286886330554
"2002-02-02",-0.747025093315779,0.593307085907008,0.677649861055975
"2002-02-10",-1.25072247517815,0.420018119012921,0.638348551012306
"2002-02-18",-1.18390280044344,0.39778760666118,0.194389307926426
"2002-02-26",-1.01882247456269,0.371644740680941,0.641921397379913
"2002-03-06",-1.22102942234708,0.358332522478367,0.0617970093952627
"2002-03-14",-1.34579046153205,0.430734900127251,0.0670901151250496
"2002-03-22",-1.25246560949329,0.315033501078038,0.172290591504565
"2002-03-30",-1.2487981752753,0.331835954584619,0.0570332142384544
"2002-04-07",-1.40620176039651,0.356103071884669,0.0604737329628159
"2002-04-15",-1.50181009140714,0.445319746454406,0.0530633849411142
"2002-04-23",-1.53246642025877,0.366057482119112,0.101627630011909
"2002-05-01",-1.49330854528619,0.49688349691963,0.0107185391028186
"2002-05-09",-1.61672829311933,0.576747559484395,0.0107185391028186
"2002-05-17",-1.5408978839732,0.613749111085385,0.0107185391028186
"2002-05-25",-1.54085827803234,0.603583059676584,0.0107185391028186
"2002-06-02",-1.37371341588923,0.756843016222347,0.0142913854704248
"2002-06-10",-1.20553725356987,0.893201491605536,0.0107185391028186
"2002-06-18",-1.3266905641297,0.707658122043931,0.0107185391028186
"2002-06-26",-1.31101920581954,0.683675553159289,0.0107185391028186
"2002-07-04",-1.37461518037055,1.02536984228254,0.0113801773190419
"2002-07-12",-1.3317929849865,0.83536219779557,0.114066428476909
"2002-07-20",-1.48110877233679,1.21090461380536,0.140399629482599
"2002-07-28",-1.41840620443733,1.01298873703642,0.0579595077411671
"2002-08-05",-1.3767861094536,1.07087395219365,0.0655021834061135
"2002-08-13",-1.48178627820328,1.12438778825243,0.0146883684001588
"2002-08-21",-1.49493469812504,0.879408242649948,0.0112478496757973
"2002-08-29",-1.41293052080404,0.649448445931218,0.0107185391028186
"2002-09-06",-1.57433649174137,0.691824633823877,0.478629085615985
"2002-09-14",-1.49042855627399,0.535597750251513,0.0107185391028186
"2002-09-22",-1.56768487574247,0.542462171356111,0.0108508667460633
"2002-09-30",-1.36165239086372,0.620796974365912,0.0107185391028186
"2002-10-08",-0.852239619919804,0.866628412426419,0.0105862114595739
"2002-10-16",-0.493040857330819,0.81225215283338,0.0107185391028186
"2002-10-24",-0.443665977810267,0.661643170067081,0.0112478496757973
"2002-11-01",-0.667732851767961,0.508648068932008,0.0120418155352653
"2002-11-09",-0.76620721494375,0.485701150660668,0.0107185391028186
"2002-11-17",-0.773670705641075,0.571572449523792,0.011777160248776
"2002-11-25",-0.691494997511701,0.54172795726585,0.0108508667460633
"2002-12-03",-0.831321079995866,0.498880694703692,0.0112478496757973
"2002-12-11",-0.828085721698561,0.412752496593765,0.0207754399894138
"2002-12-19",-0.963324616740048,0.388937298418555,0.0105862114595739
"2002-12-27",-0.934123794365636,0.423513820093862,0.012968109037978
"2003-01-01",-0.93186079142239,0.486443505635796,0.0107185391028186
"2003-01-09",-1.04026583796003,0.60394660146087,0.0107185391028186
"2003-01-17",-0.951443400036969,0.447906253815777,0.0113801773190419
"2003-01-25",-0.956537089765211,0.446481208967737,0.0138944025406908
"2003-02-02",-0.994873166065306,0.489633950985538,0.0731771867143046
"2003-02-10",-1.12407775135913,0.478272544962051,0.0206431123461691
"2003-02-18",-1.15722705380428,0.455971852343005,0.0930263332010057
"2003-02-26",-1.05404955718301,0.413583884814472,0.0113801773190419
"2003-03-06",-1.21544881782271,0.407226798576755,0.049093555643774
"2003-03-14",-1.25168383879443,0.388377726084371,0.0313616514489877
"2003-03-22",-1.19976632207878,0.468465453653651,0.0107185391028186
"2003-03-30",-1.40130036269936,0.387625686466533,0.0107185391028186
"2003-04-07",-1.37730860401005,0.435202046341482,0.0107185391028186
"2003-04-15",-1.36752802830331,0.417492010916077,0.0108508667460633
"2003-04-23",-1.34713954790041,0.495981410172123,0.0111155220325526
"2003-05-01",-1.42906355807665,0.561852281490026,0.0132327643244674
"2003-05-09",-1.42865747139718,0.455997285743628,0.0108508667460633
"2003-05-17",-1.40232372611424,0.644474237850868,0.0197168188434564
"2003-05-25",-1.47276092506891,0.681960398699547,0.0395659653301575
"2003-06-02",-1.39735062189368,0.673361494803872,0.0107185391028186
"2003-06-10",-1.27434269394103,0.683101910177609,0.0107185391028186
"2003-06-18",-1.14840987176046,0.858796226753313,0.0227603546380839
"2003-06-26",-0.811698175333127,1.71884400390105,0.870451237263464
"2003-07-04",-0.984390057640045,1.1230656566958,0.0711922720656345
"2003-07-12",-1.28897318234363,0.703117791757726,0.0131004366812227
"2003-07-20",-1.38203308024653,1.18036156809671,0.119888844779674
"2003-07-28",-1.3324994732256,0.839890726173793,0.0258038904327114
"2003-08-05",-1.34604572830333,1.00567967902133,0.174275506153235
"2003-08-13",-1.64323584167646,1.04010972805112,0.210797935688765
"2003-08-21",-1.4400058550386,0.741202125225751,0.0119094878920206
"2003-08-29",-1.67777017740642,0.718231628659851,0.0187905253407437
"2003-09-06",-1.5480552283986,0.557044745149191,0.0108508667460633
"2003-09-14",-1.61107253131027,0.580875674481503,0.0107185391028186
"2003-09-22",-1.60769888844053,0.55670177458566,0.0231573375678179
"2003-09-30",-1.62115289798118,0.542441612875657,0.0107185391028186
"2003-10-08",-1.52346253577507,0.567345144528201,0.0107185391028186
"2003-10-16",-1.49157933715207,0.672533510892717,0.0107185391028186
"2003-10-24",-1.24327640696119,0.725824679928324,0.0109831943893079
"2003-11-01",-1.04135047714264,0.686380431669032,0.0107185391028186
"2003-11-09",-0.955562169895177,0.645697296817032,0.0108508667460633
"2003-11-17",-0.960827978504484,0.575962461361795,0.0123064708217547
"2003-11-25",-0.55423337523388,0.603842225862809,0.0134974196109567
"2003-12-03",-0.829849861859113,0.47356119791427,0.0145560407569141
"2003-12-11",-0.74330810046097,0.548505648472673,0.0153500066163822
"2003-12-19",-0.651440443081169,0.485051971867562,0.0107185391028186
"2003-12-27",-0.624840126446654,0.533047198484133,0.102950906444356
"2004-01-01",-0.734580240537604,0.494279050854967,0.0141590578271801
"2004-01-09",-0.670970545283542,0.446553394749183,0.0175995765515416
"2004-01-17",-0.791973866643778,0.461090350680245,0.0123064708217547
"2004-01-25",-0.769540800240339,0.445488928337051,0.0276564774381368
"2004-02-02",-0.676682419890198,0.482087180999413,0.0137620748974461
"2004-02-10",-0.764610810720683,0.516550326358375,0.019055180627233
"2004-02-18",-0.859702233000772,0.466330301362708,0.0296413920868069
"2004-02-26",-1.02268729133224,0.476053273968062,0.0107185391028186
"2004-03-05",-1.06357724766187,0.470327579581732,0.0107185391028186
"2004-03-13",-1.15645807180545,0.401391176165194,0.0224956993515945
"2004-03-21",-1.18249260141504,0.422010432222388,0.0168056106920736
"2004-03-29",-1.3179655579485,0.414456368615141,0.0107185391028186
"2004-04-06",-1.42931818714078,0.427597097748035,0.0107185391028186
"2004-04-14",-1.50333728011133,0.44313207210472,0.0107185391028186
"2004-04-22",-1.49958959741012,0.46543875922434,0.0107185391028186
"2004-04-30",-1.47691646139071,0.496833943041672,0.0107185391028186
"2004-05-08",-1.45992718495318,0.554875185093618,0.0107185391028186
"2004-05-16",-1.37844396096746,0.709360090910662,0.0107185391028186
"2004-05-24",-1.26890023964871,0.606581841836731,0.0107185391028186
"2004-06-01",-1.10863217927892,0.589727950355546,0.0107185391028186
"2004-06-09",-0.960404409057039,0.652622672759751,0.0107185391028186
"2004-06-17",-0.598538234073493,1.00557918376471,0.0107185391028186
"2004-06-25",-1.23998066353415,0.674843715770015,0.0214370782056372
"2004-07-03",-1.119641619076,0.829258031829957,0.0131004366812227
"2004-07-11",-1.38501532188588,1.17871135291733,0.22535397644568
"2004-07-19",-1.42999448603216,0.849352365132203,0.0447267434166998
"2004-07-27",-1.53646646565585,0.811514208789052,0.0363901018922853
"2004-08-04",-1.50235452115891,0.84391168865244,0.0325526002381898
"2004-08-12",-1.61168335101657,0.720542694428472,0.0142913854704248
"2004-08-20",-1.47064653059436,0.790225086968209,0.0142913854704248
"2004-08-28",-1.48473987398298,0.648348001841079,0.0482995897843059
"2004-09-05",-1.42216026779469,0.685056756299078,0.0227603546380839
"2004-09-13",-1.54397215494505,0.577781940164531,0.0211724229191478
"2004-09-21",-1.50757447192352,0.591369262315675,0.0109831943893079
"2004-09-29",-1.5661256186282,0.595782533378131,0.0107185391028186
"2004-10-07",-1.49205122587353,0.611311195290721,0.0107185391028186
"2004-10-15",-1.54875642057863,0.642950942672131,0.0107185391028186
"2004-10-23",-1.30142284861486,0.759104520259909,0.0107185391028186
"2004-10-31",-0.980328855812057,0.894659864642249,0.0108508667460633
"2004-11-08",-0.961401641822876,0.778899811549723,0.0107185391028186
"2004-11-16",-0.940107456867621,0.681999109969376,0.0107185391028186
"2004-11-24",-1.02766917761981,0.560561961811202,0.0572978695249438
"2004-12-02",-0.925778339140529,0.512570884484885,0.131136694455472
"2004-12-10",-0.928926328358043,0.474523147407331,0.0145560407569141
"2004-12-18",-0.846659950229087,0.554075696060956,0.105729786952494
"2004-12-26",-0.682502033436543,0.534683927204838,0.0123064708217547
"2005-01-01",-0.866769033495886,0.562585373799617,0.0115125049622866
"2005-01-09",-0.999083677269568,0.420503854852294,0.161704380044991
"2005-01-17",-0.778911493322558,0.382269533339107,0.137091438401482
"2005-01-25",-0.826961910285733,0.50294146417698,0.0107185391028186
"2005-02-02",-0.836373897933726,0.620176781120252,0.0109831943893079
"2005-02-10",-0.868707040255428,0.466543588646984,0.0501521767897314
"2005-02-18",-1.07682340019841,0.459190770497478,0.0329495831679238
"2005-02-26",-1.22044999298382,0.435628995397992,0.0107185391028186
"2005-03-06",-1.28442699169909,0.438796668825631,0.012968109037978
"2005-03-14",-1.33316143542687,0.37861418634756,0.0108508667460633
"2005-03-22",-1.33529694123056,0.413612706543105,0.0107185391028186
"2005-03-30",-1.42020157206222,0.408612070005307,0.0107185391028186
"2005-04-07",-1.35220503844926,0.455032881079009,0.0517401085086675
"2005-04-15",-1.40092061531762,0.477716328553114,0.0107185391028186
"2005-04-23",-1.46881619405581,0.46066094979842,0.100304353579463
"2005-05-01",-1.41025267180931,0.514644804962872,0.0142913854704248
"2005-05-09",-1.40542824675756,0.613261128093826,0.0107185391028186
"2005-05-17",-1.31108424865927,0.674923028131343,0.248643641656742
"2005-05-25",-1.35884575378319,0.602200579981348,0.0158793171893609
"2005-06-02",-1.39915422527597,0.671149890131117,0.0131004366812227
"2005-06-10",-1.35708631133833,0.90419017661699,0.0662961492655816
"2005-06-18",-1.11612755042758,1.19653784982267,0.130475056239248
"2005-06-26",-1.57628242721779,0.791153611611337,0.435225618631732
"2005-07-04",-0.918925901479649,1.2192012114789,0.157734550747651
"2005-07-12",-0.727931661078904,1.35992835620866,0.344978165938865
"2005-07-20",-0.779511312011699,1.00768176957789,0.15627894667196
"2005-07-28",-1.0033527740742,1.1565066624919,0.0641789069736668
"2005-08-05",-1.22244983673906,0.750975383516817,0.132724626174408
"2005-08-13",-1.45470451228461,0.874973534348074,0.0518724361519121
"2005-08-21",-1.48996430669126,0.871944651323971,0.153764721450311
"2005-08-29",-1.56707366166246,0.620688605574134,0.0657668386926029
"2005-09-06",-1.59315562246498,0.607385949484027,0.0107185391028186
"2005-09-14",-1.60288368441029,0.669722963534901,0.163953949980151
"2005-09-22",-1.58808758645045,0.540119211563471,0.0107185391028186
"2005-09-30",-1.66125566520407,0.599602615673528,0.0224956993515945
"2005-10-08",-1.56934225081171,0.556477962990603,0.0107185391028186
"2005-10-16",-1.55491643986812,0.612816315260591,0.0115125049622866
"2005-10-24",-1.3645394695854,0.678464783096504,0.0108508667460633
"2005-11-01",-1.32943337736068,0.702016121285401,0.0158793171893609
"2005-11-09",-1.21389518155853,0.617135587129027,0.0201138017731904
"2005-11-17",-1.11242014930474,0.585666001548542,0.15204446208813
"2005-11-25",-1.13178714442208,0.684966256993967,0.012571126108244
"2005-12-03",-0.942252334947031,0.730310893463873,0.0108508667460633
"2005-12-11",-0.801137408094662,0.715084537775026,0.0158793171893609
"2005-12-19",-0.774968282642255,0.516642641467683,0.0207754399894138
"2005-12-27",-0.645923861237353,0.513480433958669,0.0846896916765912
"2006-01-01",-0.677882362341567,0.534063826333145,0.0133650919677121
"2006-01-09",-0.625599005125873,0.563535778557372,0.0157469895461162
"2006-01-17",-0.674603231887983,0.41680308416934,0.012571126108244
"2006-01-25",-0.619145318427369,0.452211473948932,0.0170702659785629
"2006-02-02",-0.840126263730408,0.530269904415967,0.0715892549953685
"2006-02-10",-0.938459610849045,0.399224878589106,0.0146883684001588
"2006-02-18",-1.04119260086687,0.437272477642037,0.0107185391028186
"2006-02-26",-1.17714865201317,0.445860164851821,0.0109831943893079
"2006-03-06",-1.26585729065433,0.48228557069987,0.0107185391028186
"2006-03-14",-1.1571713348082,0.430437027100519,0.0307000132327643
"2006-03-22",-1.34370796604394,0.469515328551551,0.0111155220325526
"2006-03-30",-1.30412253945905,0.482225516391042,0.0115125049622866
"2006-04-07",-1.38788301921297,0.459432747766573,0.0513431255789334
"2006-04-15",-1.44524420649024,0.472814718025418,0.0148206960434035
"2006-04-23",-1.48352618338884,0.46358862416302,0.0107185391028186
"2006-05-01",-1.46988849377227,0.532428774421167,0.0479026068545719
"2006-05-09",-1.35263933421535,0.62225650783364,0.141193595342067
"2006-05-17",-1.43348750992608,0.571373879347519,0.0109831943893079
"2006-05-25",-1.40352362856065,0.719980249110888,0.0108508667460633
"2006-06-02",-1.31709712084139,0.845564992976743,0.0194521635569671
"2006-06-10",-1.31952384109609,0.806888973729865,0.0112478496757973
"2006-06-18",-0.93622644792759,1.23232839594529,0.259229853116316
"2006-06-26",-0.913987075848251,0.996413619519272,0.025539235146222
"2006-07-04",-0.833403219714725,1.08294915907848,0.160910414185523
"2006-07-12",-1.2348363729842,0.878664069909393,0.0112478496757973
"2006-07-20",-1.2389445535545,0.619076778591543,0.146883684001588
"2006-07-28",-1.2757460702767,0.680401999530768,0.0162763001190949
"2006-08-05",-1.47055201524795,1.25366985031211,0.290062193992325
"2006-08-13",-1.2358308675706,1.21872301010408,0.385602752414979
"2006-08-21",-1.57519514870208,0.693444889060677,0.0576948524546778
"2006-08-29",-1.46239281377711,0.885045590710869,0.184861717612809
"2006-09-06",-1.57210413478068,0.681656803934205,0.107185391028186
"2006-09-14",-1.59080166681867,0.572282191288173,0.17043800449914
"2006-09-22",-1.65111913361619,0.529144127504832,0.0107185391028186
"2006-09-30",-1.68140088977337,0.484109880529512,0.0109831943893079
"2006-10-08",-1.59440910065668,0.502328948799856,0.0107185391028186
"2006-10-16",-1.5060981868343,0.627176991581672,0.0115125049622866
"2006-10-24",-1.2307929175026,0.648253470259487,0.0112478496757973
"2006-11-01",-1.03423837966377,0.693197718306307,0.0108508667460633
"2006-11-09",-1.00414421717079,0.631540729267535,0.0119094878920206
"2006-11-17",-0.976796591978051,0.510351500289941,0.0108508667460633
"2006-11-25",-1.03104776168169,0.489706175335308,0.0840280534603679
"2006-12-03",-0.950926157442214,0.457933727177019,0.0770146883684002
"2006-12-11",-0.856810613193935,0.452911074087798,0.04869657271404
"2006-12-19",-0.807220243296836,0.46605910085854,0.0264655286489348
"2006-12-27",-0.924888402136131,0.476244659107922,0.104141855233558
"2007-01-01",-0.661284255977281,0.503650673957151,0.146619028715099
"2007-01-09",-0.618403490623692,0.463024392624012,0.0948789202064311
"2007-01-17",-0.569972542997677,0.412371604373008,0.0877332274712187
"2007-01-25",-0.637422014031144,0.4197020432016,0.0562392483789864
"2007-02-02",-0.685761681324075,0.41570879487247,0.0252745798597327
"2007-02-10",-0.755978597827275,0.401158637774356,0.0111155220325526
"2007-02-18",-0.887650086091898,0.410662110154762,0.0107185391028186
"2007-02-26",-0.865294701375078,0.346770905234817,0.0160116448326055
"2007-03-06",-1.15847335358666,0.384334298242342,0.0136297472542014
"2007-03-14",-1.11773072181141,0.42669187736173,0.0109831943893079
"2007-03-22",-1.28910264552985,0.437428921896071,0.0111155220325526
"2007-03-30",-1.40221838734247,0.414114761899776,0.0107185391028186
"2007-04-07",-1.30972548848587,0.431025388436337,0.0150853513298928
"2007-04-15",-1.44091531147132,0.447569929846705,0.0109831943893079
"2007-04-23",-1.40829127084533,0.420679287493759,0.0107185391028186
"2007-05-01",-1.46128066110636,0.450584360963852,0.0107185391028186
"2007-05-09",-1.44492809897751,0.516861661900523,0.0142913854704248
"2007-05-17",-1.40456393662309,0.57775556020917,0.0107185391028186
"2007-05-25",-1.43738906821094,0.544995049286809,0.0107185391028186
"2007-06-02",-1.42875305907709,0.685453002071348,0.110493582109303
"2007-06-10",-1.35974596795727,0.723651124041562,0.0107185391028186
"2007-06-18",-1.2807069103901,0.817815869976701,0.0299060473732963
"2007-06-26",-1.14668794245209,1.10123323265955,0.117374619558026
"2007-07-04",-1.30778235728295,1.03589697495059,0.0721185655683472
"2007-07-12",-1.41710380751871,0.740863238494842,0.0107185391028186
"2007-07-20",-1.47218133480238,0.747777072007828,0.0185258700542543
"2007-07-28",-1.4777578768027,0.614776588373333,0.0582241630276565
"2007-08-05",-1.52698510709641,0.649814315180708,0.0165409554055842
"2007-08-13",-1.47553667684988,0.836789777596173,0.0124387984649993
"2007-08-21",-1.52357670862691,0.59916592578718,0.0136297472542014
"2007-08-29",-1.47099277590779,0.664996122343112,0.0107185391028186
"2007-09-06",-1.60847799875419,0.608447499526201,0.0109831943893079
"2007-09-14",-1.66626673568069,0.645903910077398,0.0668254598385603
"2007-09-22",-1.60542772295481,0.586394065926029,0.0259362180759561
"2007-09-30",-1.50493989513916,0.514309951329693,0.0107185391028186
"2007-10-08",-1.58731691032596,0.564808137055076,0.0107185391028186
"2007-10-16",-1.42660274563868,0.6227849465861,0.0107185391028186
"2007-10-24",-1.31370794260917,0.699530713458557,0.0116448326055313
"2007-11-01",-1.15888885534245,0.658434946160768,0.0107185391028186
"2007-11-09",-1.22618577107825,0.659072044040877,0.0137620748974461
"2007-11-17",-1.11645791482245,0.590990293444601,0.0109831943893079
"2007-11-25",-0.995736336063331,0.517214481576252,0.0128357813947334
"2007-12-03",-0.8396050740799,0.596499314138957,0.012571126108244
"2007-12-11",-0.917306205500019,0.528508841757104,0.0296413920868069
"2007-12-19",-0.848883125709006,0.430953415299736,0.0149530236866481
"2007-12-27",-0.867397659610755,0.458784732358445,0.0353314807463279
"2008-01-01",-0.712028014915973,0.474284561108913,0.0349344978165939
"2008-01-09",-0.765759815668313,0.372381776019854,0.220590181288871
"2008-01-17",-0.654933322447421,0.44535555255284,0.366679899430991
"2008-01-25",-0.581803216968855,0.44371156118168,0.0713245997088792
"2008-02-02",-0.587763602218842,0.550653596488851,0.0707952891359005
"2008-02-10",-0.758774711308807,0.534619153863165,0.0109831943893079
"2008-02-18",-0.663334463323849,0.54167247603652,0.0514754532221781
"2008-02-26",-0.971768357515642,0.423690465332746,0.0107185391028186
"2008-03-05",-1.11492041527109,0.512156009101519,0.0175995765515416
"2008-03-13",-1.15700092874484,0.445855021879793,0.0108508667460633
"2008-03-21",-1.21109657922075,0.397929530337013,0.0107185391028186
"2008-03-29",-1.31915410419248,0.398345178135959,0.0107185391028186
"2008-04-06",-1.32696813032964,0.405598841753711,0.017864231838031
"2008-04-14",-1.37910948249142,0.563789090409851,0.0362577742490406
"2008-04-22",-1.38780807059859,0.872660933996475,0.0999073706497287
"2008-04-30",-1.45462676144333,0.579566160630643,0.0107185391028186
"2008-05-08",-1.5735238546207,0.57534565136882,0.0107185391028186
"2008-05-16",-1.43931280949024,0.667435265829788,0.0115125049622866
"2008-05-24",-1.48376833610828,0.635189497152759,0.0116448326055313
"2008-06-01",-1.51460975562108,0.674306424493351,0.0107185391028186
"2008-06-09",-1.54757978609176,0.648453870612507,0.0109831943893079
"2008-06-17",-1.56200508482383,1.03333912926217,0.0244806140002647
"2008-06-25",-1.56958129500589,0.653816990143543,0.00886595209739315
"2008-07-03",-1.29918145867027,1.0094476815471,0.0259362180759561
"2008-07-11",-1.40976854529864,0.963227875341469,0.212253539764457
"2008-07-19",-1.48766007932342,0.818374460554628,0.0482995897843059
"2008-07-27",-1.4322453501424,0.701443850555275,0.0739711525737727
"2008-08-04",-1.4958001818582,0.780568900047917,0.0132327643244674
"2008-08-12",-1.61253937638937,0.806740796868289,0.147677649861056
"2008-08-20",-1.5906281481005,0.656021786889587,0.0752944290062194
"2008-08-28",-1.66227235473712,0.664475266027558,0.152573772661109
"2008-09-05",-1.59612763659871,0.58695508604841,0.049490538573508
"2008-09-13",-1.63369637541315,0.54270124429927,0.118962551276962
"2008-09-21",-1.53452845010099,0.627565330980074,0.0344051872436152
"2008-09-29",-1.50620079991721,0.571663458777858,0.0107185391028186
"2008-10-07",-1.60083700096027,0.636577966963947,0.0111155220325526
"2008-10-15",-1.47129668906978,0.625814949591001,0.0105862114595739
"2008-10-23",-1.5134883679636,0.669289895112129,0.0107185391028186
"2008-10-31",-1.30970022308351,0.654320381887385,0.0107185391028186
"2008-11-08",-1.25574846336892,0.533973315354389,0.0108508667460633
"2008-11-16",-1.08965503107577,0.634701064398509,0.0108508667460633
"2008-11-24",-1.04117292122898,0.631046174370784,0.0107185391028186
"2008-12-02",-1.04237320144871,0.555880170745271,0.0109831943893079
"2008-12-10",-0.94765099862256,0.516956452010495,0.01217414317851
"2008-12-18",-0.82787048724677,0.591864253680307,0.0107185391028186
"2008-12-26",-0.723819507880631,0.510366479157102,0.102289268228133
"2009-01-01",-0.820687471759573,0.433749175750512,0.0217017334921265
"2009-01-09",-0.928359220327605,0.418319742200465,0.0443297604869657
"2009-01-17",-1.01222382318019,0.436770513752437,0.0134974196109567
"2009-01-25",-1.11594521441022,0.4603509272648,0.0195844912002117
"2009-02-02",-1.04310446120628,0.434890213134465,0.0127034537514887
"2009-02-10",-0.962260326141709,0.636144968871366,0.0586211459573905
"2009-02-18",-1.04277398255607,0.438420927533531,0.0152176789731375
"2009-02-26",-1.05657672187706,0.402217759662857,0.0107185391028186
"2009-03-06",-1.20955305970289,0.539071241923023,0.0107185391028186
"2009-03-14",-1.28347066253207,0.443904419107872,0.0107185391028186
"2009-03-22",-1.37824062099027,0.399480223755756,0.0105862114595739
"2009-03-30",-1.44592759826107,0.415784283182744,0.0107185391028186
"2009-04-07",-1.49676135038817,0.437315157259974,0.0104538838163292
"2009-04-15",-1.4766124174707,0.460605135220875,0.0107185391028186
"2009-04-23",-1.53751691591529,0.526385073089303,0.0107185391028186
"2009-05-01",-1.49776813640681,0.5452108574279,0.0107185391028186
"2009-05-09",-1.30618499518464,0.802954348511396,0.0827047770279211
"2009-05-17",-1.38504728603744,0.747544464467449,0.0108508667460633
"2009-05-25",-1.37124920231781,0.669822807262641,0.0109831943893079
"2009-06-02",-0.750497073491827,0.877725497425532,0.0107185391028186
"2009-06-10",-0.456613926419911,0.548978955790205,0.0840280534603679
"2009-06-18",-0.821496122352024,0.519702079761473,0.0737064972872833
"2009-06-26",-1.13134948257021,0.531732428968799,0.136826783114993
"2009-07-04",-1.16731207232587,0.818695373217393,0.0325526002381898
"2009-07-12",-1.26422714151884,0.96422492998979,0.339552732565833
"2009-07-20",-1.4892627412569,0.972351675483171,0.0267301839354241
"2009-07-28",-1.6121318185835,0.68702057524254,0.0578271800979225
"2009-08-05",-1.56410583529323,0.771981875085534,0.0120418155352653
"2009-08-13",-1.66868815330645,0.679956162444183,0.274844515019187
"2009-08-21",-1.83387762258512,0.898404584118097,0.0509461426491994
"2009-08-29",-1.71868380579751,0.63222827555603,0.0717215826386132
"2009-09-06",-1.62513106141831,0.620992480652635,0.012968109037978
"2009-09-14",-1.63272452518184,0.507811493604334,0.0107185391028186
"2009-09-22",-1.65452156505683,0.585440206300361,0.0330819108111685
"2009-09-30",-1.55178946982345,0.628186568107129,0.0111155220325526
"2009-10-08",-1.54590627979048,0.664235712261922,0.0113801773190419
"2009-10-16",-1.5172993274328,0.700546919086629,0.0107185391028186
"2009-10-24",-1.28595424697929,0.748161318566566,0.0107185391028186
"2009-11-01",-1.07598745418915,0.709429980777148,0.0107185391028186
"2009-11-09",-1.00125970069356,0.692399064705028,0.0107185391028186
"2009-11-17",-1.0363073906799,0.6400430818144,0.0193198359137224
"2009-11-25",-0.904781984330077,0.509302654190096,0.0165409554055842
"2009-12-03",-0.961423476406989,0.467927796510431,0.0111155220325526
"2009-12-11",-0.94023773673783,0.463777858728284,0.0120418155352653
"2009-12-19",-0.887637738932327,0.553915185970258,0.0150853513298928
"2009-12-27",-1.05107007557666,0.544425489229645,0.0195844912002117
"2010-01-01",-0.981421643785734,0.5193540171682,0.0107185391028186
"2010-01-09",-1.00351747393274,0.581385947712798,0.0108508667460633
"2010-01-17",-0.739483746354988,0.576520500967284,0.056371576022231
"2010-01-25",-0.897305110008054,0.415472061569327,0.0162763001190949
"2010-02-02",-0.850155565214494,0.437902724388537,0.0138944025406908
"2010-02-10",-1.08233923626762,0.538562582653855,0.03652242953553
"2010-02-18",-1.06648738208909,0.479168144278843,0.0105862114595739
"2010-02-26",-0.932248933694069,0.494272528329927,0.01217414317851
"2010-03-06",-1.1108646267461,0.503203719305489,0.0107185391028186
"2010-03-14",-1.17855831633449,0.504822024863431,0.0123064708217547
"2010-03-22",-1.1510220520862,0.449112697317674,0.0103215561730846
"2010-03-30",-1.27925265688276,0.443281624892756,0.0105862114595739
"2010-04-07",-1.4200808065094,0.488332503521828,0.0107185391028186
"2010-04-15",-1.51449531425129,0.463236266398406,0.0104538838163292
"2010-04-23",-1.50053249712037,0.450602151148474,0.0107185391028186
"2010-05-01",-1.54777773134434,0.45302239887934,0.0107185391028186
"2010-05-09",-1.51653806533107,0.463066655294967,0.0108508667460633
"2010-05-17",-1.20648414112731,0.619561974293738,0.04869657271404
"2010-05-25",-0.761072447133765,0.756885036806064,0.0770146883684002
"2010-06-02",-0.124399834436573,0.745220504847902,0.0399629482598915
"2010-06-10",-0.284418857884112,0.836902865505181,0.0473732962815932
"2010-06-18",-0.690177468501939,0.710457508493399,0.0138944025406908
"2010-06-26",-0.90070833134748,0.62821224915818,0.0423448458382956
"2010-07-04",-1.10664321432821,0.920817960721643,0.0521370914384015
"2010-07-12",-1.44920349504577,1.17924696482918,0.237131136694455
"2010-07-20",-1.29752399994365,0.949918474047644,0.0846896916765912
"2010-07-28",-1.54618280983938,1.19476506535433,0.299192801376207
"2010-08-05",-1.62739028217195,1.15363904796013,0.0754267566494641
"2010-08-13",-1.72646452315391,0.875769941237333,0.181950509461426
"2010-08-21",-1.56143492442732,0.880928283066218,0.0244806140002647
"2010-08-29",-1.60356104432229,0.585762055359602,0.0235543204975519
"2010-09-06",-1.64178058239192,0.576639279180468,0.0131004366812227
"2010-09-14",-1.64471842411531,0.542468897287376,0.0112478496757973
"2010-09-22",-1.61319767226005,0.462196721708476,0.0107185391028186
"2010-09-30",-1.61290585097797,0.542047965473874,0.0220987164218605
"2010-10-08",-1.50146609976325,0.545033628667205,0.0107185391028186
"2010-10-16",-1.65825945371087,0.571147351884534,0.0150853513298928
"2010-10-24",-1.68382089942383,0.716428846361536,0.172555246791055
"2010-11-01",-1.53813459645398,0.73246938946999,0.0120418155352653
"2010-11-09",-1.309920587014,0.698308659214243,0.0107185391028186
"2010-11-17",-1.12970408573421,0.72305364175672,0.0329495831679238
"2010-11-25",-0.982980630378853,0.639824723420505,0.0141590578271801
"2010-12-03",-0.951326372859534,0.624740371093917,0.0107185391028186
"2010-12-11",-0.889877293345826,0.620832471404041,0.119227206563451
"2010-12-19",-0.86244741568452,0.416217542283151,0.0119094878920206
"2010-12-27",-0.880911879454873,0.521176437620754,0.247982003440519
"2011-01-01",-0.951005171198328,0.457463665319317,0.123197035860791
"2011-01-09",-0.902437756467291,0.437162473872398,0.0194521635569671
"2011-01-17",-1.1703265607486,0.418000850882734,0.392748445150192
"2011-01-25",-1.09643386725754,0.511122143042905,0.0107185391028186
"2011-02-02",-1.03759800682379,0.560358124464552,0.0107185391028186
"2011-02-10",-1.04288991492751,0.484187995916326,0.0107185391028186
"2011-02-18",-1.22682874399346,0.445281943443668,0.0445944157734551
"2011-02-26",-1.29581589582035,0.446327633696408,0.0107185391028186
"2011-03-06",-1.29600069317619,0.441076970170358,0.0578271800979225
"2011-03-14",-1.24464320625037,0.496049320940985,0.0187905253407437
"2011-03-22",-1.25027842141434,0.426828325588319,0.0107185391028186
"2011-03-30",-1.38113032237193,0.457875228558657,0.0115125049622866
"2011-04-07",-1.45693186774175,0.428221543229635,0.0109831943893079
"2011-04-15",-1.49068503501321,0.441319222453776,0.0107185391028186
"2011-04-23",-1.5126414953152,0.44867340702848,0.0107185391028186
"2011-05-01",-1.44627315355754,0.655474755156397,0.0111155220325526
"2011-05-09",-1.40788756489355,0.618768815220251,0.0134974196109567
"2011-05-17",-1.44040211331912,0.590085965817246,0.0115125049622866
"2011-05-25",-1.36296298267489,0.641116958188615,0.0108508667460633
"2011-06-02",-1.34778211780073,0.659454044504816,0.0108508667460633
"2011-06-10",-1.17974158258665,0.840953674042923,0.0175995765515416
"2011-06-18",-1.15347017284862,0.872826426924335,0.0965991795686119
"2011-06-26",-1.09384668792248,0.716469709368898,0.0161439724758502
"2011-07-04",-1.20954472735294,0.594301536467186,0.0157469895461162
"2011-07-12",-1.20009812356383,1.13944133108936,0.33267169511711
"2011-07-20",-1.12249603561565,1.91856193420507,0.54757178774646
"2011-07-28",-1.66585808650483,1.45626805380438,0.490803228794495
"2011-08-05",-1.53321225113266,0.781709737230458,0.0513431255789334
"2011-08-13",-1.50998789202724,0.624060059429656,0.0109831943893079
"2011-08-21",-1.44382037907743,0.697048318844915,0.0211724229191478
"2011-08-29",-1.46540222115702,0.709369497217761,0.0374487230382427
"2011-09-06",-1.42360244768336,0.729947878542842,0.0107185391028186
"2011-09-14",-1.41704435759475,0.553218553857463,0.0108508667460633
"2011-09-22",-1.50450991905605,0.571633209808436,0.0463146751356358
"2011-09-30",-1.4644190852906,0.536398703378218,0.0107185391028186
"2011-10-08",-1.62124373382471,0.503015944237775,0.0107185391028186
"2011-10-16",-1.54247880565675,0.51974419000663,0.0107185391028186
"2011-10-24",-1.56344439082706,0.608185097570888,0.0119094878920206
"2011-11-01",-1.44884269343304,0.600592075856331,0.0107185391028186
"2011-11-09",-1.35453399610568,0.560483777867619,0.0115125049622866
"2011-11-17",-1.18506190218438,0.52435163523454,0.0217017334921265
"2011-11-25",-1.18680451978356,0.498993482850263,0.0154823342596268
"2011-12-03",-1.12913753715577,0.42856220885505,0.0709276167791452
"2011-12-11",-1.1420736730325,0.546717575566573,0.325393674738653
"2011-12-19",-0.963194621300357,0.497235163070823,0.018658197697499
"2011-12-27",-0.78634222869179,0.491558693025164,0.125843588725685
"2012-01-01",-0.773900240438633,0.592371519618052,0.302500992457324
"2012-01-09",-0.743802153755125,0.503791757352351,0.144237131136694
"2012-01-17",-0.74625559647339,0.484415459350887,0.0183935424110097
"2012-01-25",-0.891041806947411,0.462998710798229,0.0403599311896255
"2012-02-02",-0.861799100984202,0.588989711045753,0.0621939923249967
"2012-02-10",-0.932684162977909,0.523292584122789,0.0897181421198888
"2012-02-18",-0.992694605241797,0.424375534517365,0.0545189890168056
"2012-02-26",-0.879290407405496,0.442410780642365,0.0238189757840413
"2012-03-05",-0.982773736813089,0.510772368208392,0.481804949053857
"2012-03-13",-0.998925935670182,0.597567702435311,0.0285827709408495
"2012-03-21",-1.28410257517604,0.442509111566766,0.0883948656874421
"2012-03-29",-1.3236927422224,0.395090260087719,0.0111155220325526
"2012-04-06",-1.57296940441301,0.32125480136293,0.287812624057166
"2012-04-14",-1.63891731855121,0.379511067970561,0.371311366944555
"2012-04-22",-1.66570788758968,0.372006078213426,0.139605663623131
"2012-04-30",-1.81705734589385,0.387936383694906,0.741299457456663
"2012-05-08",-1.88715760755876,0.359179832335975,0.439724758502051
"2012-05-16",-2.18098966391166,0.513415626465397,0.945745666269684
"2012-05-24",NA,NA,1
"2012-06-01",NA,NA,1
"2012-06-09",-1.53409045421968,0.629423802681635,0.499536853248644
"2012-06-17",NA,NA,1
"2012-06-25",-1.3501945907968,0.455704377949448,0.655683472277359
"2012-07-03",-2.17072067829301,0.245596986802693,0.988222839751224
"2012-07-11",-1.93287972061781,0.445541815504088,0.975122403070001
"2012-07-19",NA,NA,1
"2012-07-27",NA,NA,1
